<?xml version="1.0"?>
<DARoots Version="1" Minor="6">
	<FileSet Name="sources_1" Type="DesignSrcs" RelSrcDir="$PSRCDIR/sources_1">
		<Filter Type="EDIFSrcs"/>
		<Root Path="H:/CECS 301/LABS/Lab 6- Integer Data Path/IntegerDataPath" Recursive="FALSE">
		</Root>
		<Config>
			<Option Name="DesignMode" Val="GateLvl"/>
			<Option Name="GateLvlMode" Val="EDIF"/>
			<Option Name="TopFile" Val="H:/CECS 301/LABS/Lab 6- Integer Data Path/IntegerDataPath/topLevel.ngc"/>
		</Config>
	</FileSet>
</DARoots>

